"Date","Price","Open","High","Low","Vol.","Change %"
"31-12-2024","13,822.55","13,698.25","13,864.85","13,689.30","0.00K","0.69%"
"30-12-2024","13,727.20","13,853.65","13,870.15","13,699.65","0.00K","-0.96%"
"27-12-2024","13,860.85","13,877.50","13,988.95","13,848.95","0.00K","0.11%"
"26-12-2024","13,845.40","13,815.95","13,854.65","13,764.95","0.00K","0.35%"
"24-12-2024","13,797.50","13,807.10","13,878.85","13,756.40","0.00K","0.01%"
"23-12-2024","13,796.05","13,858.45","13,908.80","13,737.30","0.00K","0.18%"
"20-12-2024","13,771.10","14,078.25","14,148.50","13,745.55","0.00K","-2.13%"
"19-12-2024","14,070.10","13,941.85","14,099.40","13,923.45","0.00K","-0.46%"
"18-12-2024","14,135.60","14,216.50","14,250.90","14,099.10","0.00K","-0.64%"
"17-12-2024","14,226.15","14,397.75","14,429.60","14,206.10","0.00K","-1.29%"
"16-12-2024","14,411.90","14,416.85","14,438.25","14,340.05","0.00K","0.19%"
"13-12-2024","14,385.05","14,357.60","14,397.30","14,134.00","0.00K","0.07%"
"12-12-2024","14,374.80","14,476.15","14,487.85","14,343.85","0.00K","-0.55%"
"11-12-2024","14,454.35","14,444.75","14,503.85","14,420.35","0.00K","0.23%"
"10-12-2024","14,421.60","14,450.45","14,460.40","14,359.95","0.00K","0.04%"
"09-12-2024","14,415.45","14,427.95","14,454.25","14,379.20","0.00K","-0.12%"
"06-12-2024","14,432.40","14,404.30","14,446.40","14,349.90","0.00K","0.46%"
"05-12-2024","14,366.20","14,363.10","14,404.95","14,212.00","0.00K","0.37%"
"04-12-2024","14,313.30","14,373.35","14,394.75","14,250.55","0.00K","-0.14%"
"03-12-2024","14,333.15","14,331.65","14,349.45","14,274.15","0.00K","0.60%"
"02-12-2024","14,248.25","14,116.65","14,253.30","14,083.80","0.00K","1.10%"
"29-11-2024","14,093.10","13,978.60","14,135.70","13,963.85","0.00K","1.05%"
"28-11-2024","13,946.10","14,065.70","14,109.45","13,920.75","0.00K","-0.69%"
"27-11-2024","14,043.55","14,020.05","14,063.05","13,940.35","0.00K","0.50%"
"26-11-2024","13,973.10","14,061.45","14,096.35","13,957.50","0.00K","-0.29%"
"25-11-2024","14,013.95","14,057.00","14,123.15","13,989.50","0.00K","1.25%"
"22-11-2024","13,841.05","13,671.00","13,871.60","13,637.50","0.00K","1.52%"
"21-11-2024","13,634.15","13,693.25","13,701.60","13,549.25","0.00K","-0.59%"
"19-11-2024","13,714.60","13,650.05","13,890.50","13,649.65","0.00K","0.68%"
"18-11-2024","13,622.20","13,699.30","13,747.30","13,574.10","0.00K","0.10%"
"14-11-2024","13,608.25","13,598.70","13,698.70","13,526.05","","0.23%"
"13-11-2024","13,576.45","13,849.10","13,857.10","13,539.45","","-2.33%"
"12-11-2024","13,900.10","14,173.00","14,218.40","13,862.45","","-1.67%"
"11-11-2024","14,135.55","14,209.25","14,257.95","14,109.30","","-0.66%"
"08-11-2024","14,229.60","14,341.25","14,351.25","14,182.95","","-0.59%"
"07-11-2024","14,314.05","14,560.35","14,563.60","14,305.95","","-1.37%"
"06-11-2024","14,513.15","14,322.95","14,532.85","14,258.55","","1.81%"
"05-11-2024","14,255.60","14,108.95","14,269.00","14,037.65","","0.89%"
"04-11-2024","14,129.95","14,338.40","14,338.55","13,974.90","","-1.33%"
"01-11-2024","14,320.00","14,315.65","14,352.00","14,305.05","","0.77%"
"31-10-2024","14,210.05","14,251.10","14,272.05","14,160.95","","0.01%"
"30-10-2024","14,209.20","14,188.65","14,337.15","14,133.35","","-0.23%"
"29-10-2024","14,241.50","14,317.60","14,339.90","14,045.95","","-0.32%"
"28-10-2024","14,287.20","14,214.55","14,362.00","14,095.70","","0.74%"
"25-10-2024","14,181.85","14,456.20","14,457.65","14,019.20","","-1.60%"
"24-10-2024","14,412.20","14,450.95","14,485.10","14,365.40","","-0.21%"
"23-10-2024","14,442.95","14,515.35","14,636.35","14,408.70","","-0.73%"
"22-10-2024","14,548.80","14,897.90","14,923.20","14,524.45","","-2.35%"
"21-10-2024","14,899.20","15,083.50","15,122.70","14,883.40","","-0.90%"
"18-10-2024","15,034.30","14,891.95","15,066.35","14,760.30","","0.69%"
"17-10-2024","14,931.05","15,258.80","15,262.90","14,919.25","","-2.11%"
"16-10-2024","15,252.15","15,275.05","15,325.30","15,163.25","","-0.24%"
"15-10-2024","15,288.50","15,401.60","15,408.95","15,223.60","","-0.40%"
"14-10-2024","15,350.60","15,373.00","15,393.90","15,302.10","","0.11%"
"11-10-2024","15,333.75","15,333.00","15,369.90","15,276.85","","0.19%"
"10-10-2024","15,305.00","15,357.90","15,427.65","15,276.15","","-0.07%"
"09-10-2024","15,315.30","15,200.80","15,407.00","15,194.10","","1.06%"
"08-10-2024","15,154.55","14,879.30","15,187.05","14,794.20","","1.48%"
"07-10-2024","14,934.00","15,197.25","15,217.10","14,824.55","","-1.35%"
"04-10-2024","15,138.20","15,284.25","15,385.80","15,079.65","","-1.11%"
"03-10-2024","15,307.45","15,391.55","15,559.35","15,283.55","","-2.13%"
"01-10-2024","15,640.75","15,637.65","15,662.20","15,538.15","","0.18%"
"30-09-2024","15,612.05","15,732.90","15,763.10","15,577.80","","-0.89%"
"27-09-2024","15,752.75","15,623.85","15,769.90","15,604.30","","1.05%"
"26-09-2024","15,588.80","15,480.05","15,601.30","15,419.55","","0.85%"
"25-09-2024","15,457.15","15,494.00","15,526.20","15,382.00","","-0.09%"
"24-09-2024","15,471.60","15,363.20","15,486.20","15,362.45","","0.67%"
"23-09-2024","15,368.70","15,299.90","15,374.50","15,287.75","","0.90%"
"20-09-2024","15,231.15","15,087.15","15,261.60","15,045.00","","1.42%"
"19-09-2024","15,018.15","15,144.70","15,176.10","14,891.25","","-0.36%"
"18-09-2024","15,073.00","15,200.40","15,227.40","15,018.10","","-0.79%"
"17-09-2024","15,193.00","15,236.15","15,236.25","15,131.75","","-0.09%"
"16-09-2024","15,205.95","15,244.90","15,250.20","15,195.25","","0.14%"
"13-09-2024","15,185.15","15,188.50","15,224.45","15,161.65","","0.25%"
"12-09-2024","15,147.85","15,010.95","15,163.10","14,950.60","","1.68%"
"11-09-2024","14,897.65","14,968.10","15,015.40","14,868.65","","-0.45%"
"10-09-2024","14,965.10","14,925.05","15,008.70","14,909.95","","0.67%"
"09-09-2024","14,866.05","14,890.50","14,899.90","14,742.65","","-0.27%"
"06-09-2024","14,906.00","15,075.95","15,096.10","14,881.90","","-1.12%"
"05-09-2024","15,074.15","15,160.50","15,176.95","15,064.30","","-0.27%"
"04-09-2024","15,114.65","15,028.30","15,126.75","15,018.00","","0.01%"
"03-09-2024","15,113.80","15,172.55","15,182.25","15,100.90","","0.03%"
"02-09-2024","15,109.00","15,248.50","15,248.60","15,072.60","","-0.45%"
"30-08-2024","15,177.15","15,145.00","15,198.50","15,111.45","","0.53%"
"29-08-2024","15,096.60","15,097.20","15,124.85","14,968.90","","-0.08%"
"28-08-2024","15,108.20","15,134.75","15,142.85","15,054.05","","0.08%"
"27-08-2024","15,095.90","15,131.60","15,161.70","15,078.80","","-0.15%"
"26-08-2024","15,119.05","15,102.25","15,125.05","15,049.05","","0.44%"
"23-08-2024","15,052.40","15,044.35","15,097.15","15,013.85","","0.29%"
"22-08-2024","15,008.55","15,036.95","15,038.45","14,975.75","","0.20%"
"21-08-2024","14,978.55","14,902.95","14,987.85","14,881.95","","0.53%"
"20-08-2024","14,899.10","14,883.85","14,910.75","14,801.90","","0.59%"
"19-08-2024","14,811.20","14,847.90","14,848.80","14,766.25","","0.29%"
"16-08-2024","14,768.50","14,660.75","14,782.20","14,590.95","","1.55%"
"14-08-2024","14,543.30","14,668.15","14,669.85","14,464.30","","-0.50%"
"13-08-2024","14,615.95","14,782.65","14,788.05","14,600.10","","-0.80%"
"12-08-2024","14,734.40","14,699.50","14,774.75","14,642.20","","0.01%"
"09-08-2024","14,733.55","14,736.35","14,777.65","14,680.15","","1.16%"
"08-08-2024","14,564.95","14,646.25","14,683.00","14,544.60","","-0.50%"
"07-08-2024","14,638.70","14,545.90","14,652.70","14,469.55","","2.37%"
"06-08-2024","14,299.85","14,454.00","14,629.95","14,267.30","","-0.42%"
"05-08-2024","14,360.75","14,490.15","14,569.40","14,271.25","","-3.31%"
"02-08-2024","14,851.60","14,946.65","14,982.55","14,809.25","","-1.69%"
"01-08-2024","15,107.40","15,289.85","15,297.50","15,046.00","","-0.57%"
"31-07-2024","15,194.20","15,176.55","15,223.70","15,124.30","","0.57%"
"30-07-2024","15,108.50","15,089.55","15,182.00","15,068.10","","0.25%"
"29-07-2024","15,070.25","15,023.30","15,077.75","14,960.80","","0.96%"
"26-07-2024","14,927.65","14,692.90","14,940.80","14,670.60","","2.16%"
"25-07-2024","14,611.45","14,440.05","14,629.80","14,404.90","","0.57%"
"24-07-2024","14,528.25","14,493.20","14,562.50","14,450.10","","0.33%"
"23-07-2024","14,480.85","14,605.40","14,610.10","14,040.25","","-0.41%"
"22-07-2024","14,540.45","14,342.60","14,558.90","14,240.85","","0.92%"
"19-07-2024","14,407.25","14,766.05","14,770.70","14,390.40","","-2.54%"
"18-07-2024","14,782.75","14,875.15","14,886.85","14,649.45","","-0.70%"
"16-07-2024","14,886.70","14,965.70","14,983.45","14,871.35","","-0.25%"
"15-07-2024","14,923.55","14,897.10","14,930.05","14,846.45","","0.52%"
"12-07-2024","14,845.90","14,931.00","14,948.30","14,798.30","","-0.34%"
"11-07-2024","14,896.75","14,971.40","14,976.90","14,862.55","","-0.10%"
"10-07-2024","14,912.40","15,072.90","15,075.15","14,683.45","","-0.70%"
"09-07-2024","15,017.20","14,951.30","15,026.40","14,898.40","0.00K","0.90%"
"08-07-2024","14,883.45","15,005.10","15,019.60","14,851.05","","-0.52%"
"05-07-2024","14,961.30","14,893.55","14,976.10","14,859.75","","0.61%"
"04-07-2024","14,870.50","14,813.35","14,890.85","14,791.55","","0.77%"
"03-07-2024","14,757.10","14,718.70","14,775.65","14,686.70","","0.62%"
"02-07-2024","14,665.65","14,744.10","14,744.85","14,594.40","","-0.28%"
"01-07-2024","14,706.25","14,647.60","14,715.70","14,645.90","","0.58%"
"28-06-2024","14,622.10","14,614.45","14,674.00","14,595.75","","0.21%"
"27-06-2024","14,591.70","14,521.20","14,617.75","14,467.05","","0.55%"
"26-06-2024","14,512.25","14,582.85","14,599.30","14,496.75","","-0.50%"
"25-06-2024","14,585.50","14,676.35","14,739.30","14,565.20","","-0.31%"
"24-06-2024","14,631.40","14,499.70","14,645.20","14,411.25","","0.71%"
"21-06-2024","14,528.85","14,635.55","14,638.75","14,501.60","","-0.36%"
"20-06-2024","14,581.20","14,564.40","14,626.25","14,464.65","","0.34%"
"19-06-2024","14,531.45","14,789.65","14,790.50","14,518.00","","-1.36%"
"18-06-2024","14,732.05","14,767.30","14,788.75","14,711.50","","0.33%"
"14-06-2024","14,683.35","14,539.35","14,694.35","14,490.50","","1.31%"
"13-06-2024","14,494.00","14,471.05","14,503.60","14,366.75","","0.94%"
"12-06-2024","14,358.55","14,340.10","14,418.45","14,319.80","","0.53%"
"11-06-2024","14,283.50","14,253.15","14,356.10","14,222.90","","0.49%"
"10-06-2024","14,214.00","14,232.10","14,270.35","14,158.75","","0.28%"
"07-06-2024","14,174.65","13,915.85","14,182.70","13,862.15","","1.86%"
"06-06-2024","13,915.60","13,843.10","14,003.90","13,812.10","","1.28%"
"05-06-2024","13,739.15","13,379.40","13,763.10","13,047.90","","3.74%"
"04-06-2024","13,243.25","14,103.00","14,103.00","12,672.65","","-6.10%"
"03-06-2024","14,103.95","14,201.50","14,201.50","14,002.65","","3.06%"
"31-05-2024","13,684.95","13,769.10","13,804.15","13,646.20","","-0.08%"
"30-05-2024","13,695.90","13,872.10","13,883.80","13,655.10","","-1.42%"
"29-05-2024","13,892.90","13,834.65","13,937.30","13,783.30","","0.05%"
"28-05-2024","13,886.00","13,982.15","14,007.80","13,837.95","","-0.48%"
"27-05-2024","13,953.30","14,045.45","14,049.90","13,907.30","","-0.14%"
"24-05-2024","13,972.25","13,948.05","14,067.20","13,915.25","","0.14%"
"23-05-2024","13,953.40","13,841.40","13,965.85","13,748.45","","0.87%"
"22-05-2024","13,833.65","13,854.55","13,856.10","13,680.90","","0.30%"
"21-05-2024","13,792.55","13,693.50","13,811.90","13,650.20","","1.04%"
"18-05-2024","13,650.15","13,650.15","13,650.15","13,650.15","","0.62%"
"17-05-2024","13,565.55","13,442.20","13,578.25","13,424.70","","1.33%"
"16-05-2024","13,388.15","13,300.85","13,406.65","13,178.60","","1.08%"
"15-05-2024","13,244.55","13,217.60","13,270.15","13,165.95","","0.70%"
"14-05-2024","13,152.20","13,032.70","13,170.20","12,980.40","","1.14%"
"13-05-2024","13,003.75","12,953.25","13,016.95","12,745.50","","0.49%"
"10-05-2024","12,940.95","12,848.15","12,953.70","12,791.90","","1.15%"
"09-05-2024","12,793.90","12,967.10","13,026.95","12,777.75","","-1.12%"
"08-05-2024","12,938.30","12,764.20","12,958.70","12,696.30","","1.11%"
"07-05-2024","12,796.00","13,051.90","13,054.75","12,724.30","","-1.73%"
"06-05-2024","13,021.00","13,077.75","13,089.65","12,938.15","","0.03%"
"03-05-2024","13,017.15","13,157.60","13,161.70","12,930.65","","-0.45%"
"02-05-2024","13,076.25","13,011.65","13,107.40","12,981.35","","0.82%"
"30-04-2024","12,970.00","12,995.25","13,080.25","12,959.90","","0.17%"
"29-04-2024","12,948.25","12,958.10","12,963.70","12,906.95","","0.47%"
"26-04-2024","12,887.35","12,888.60","12,934.85","12,868.60","","0.29%"
"25-04-2024","12,850.10","12,739.05","12,858.80","12,699.95","","1.00%"
"24-04-2024","12,723.20","12,657.85","12,755.20","12,650.00","","0.87%"
"23-04-2024","12,613.15","12,679.00","12,679.00","12,602.30","","0.00%"
"22-04-2024","12,612.65","12,580.15","12,628.20","12,529.10","","1.12%"
"19-04-2024","12,473.30","12,394.90","12,491.10","12,271.45","","0.09%"
"18-04-2024","12,462.55","12,576.65","12,660.65","12,430.75","","-0.38%"
"16-04-2024","12,510.50","12,423.65","12,567.75","12,383.75","","0.23%"
"15-04-2024","12,481.35","12,475.40","12,584.15","12,369.25","","-0.96%"
"12-04-2024","12,602.55","12,674.55","12,718.20","12,592.95","","-0.47%"
"10-04-2024","12,662.15","12,651.25","12,681.55","12,628.15","","0.45%"
"09-04-2024","12,604.95","12,680.00","12,683.15","12,565.90","","-0.16%"
"08-04-2024","12,625.20","12,576.75","12,652.95","12,549.60","","0.98%"
"05-04-2024","12,502.80","12,471.75","12,519.15","12,445.35","","0.10%"
"04-04-2024","12,489.90","12,589.80","12,593.35","12,419.00","","-0.18%"
"03-04-2024","12,512.35","12,503.20","12,562.65","12,462.45","","-0.04%"
"02-04-2024","12,517.80","12,420.95","12,524.30","12,371.00","","1.16%"
"01-04-2024","12,374.65","12,334.15","12,390.95","12,320.40","","1.10%"
"28-03-2024","12,240.00","12,152.95","12,306.90","12,113.45","","1.06%"
"27-03-2024","12,111.30","12,114.65","12,188.90","12,099.80","","0.41%"
"26-03-2024","12,062.00","11,990.70","12,087.95","11,989.60","","0.27%"
"22-03-2024","12,029.00","11,890.30","12,063.65","11,873.05","","1.15%"
"21-03-2024","11,892.75","11,753.45","11,907.20","11,745.20","","2.07%"
"20-03-2024","11,651.00","11,693.30","11,726.25","11,544.25","","0.00%"
"19-03-2024","11,651.30","11,766.65","11,772.25","11,622.05","","-1.12%"
"18-03-2024","11,783.65","11,669.70","11,791.65","11,635.50","","1.07%"
"15-03-2024","11,658.90","11,745.30","11,776.85","11,551.95","","-0.92%"
"14-03-2024","11,767.75","11,579.80","11,790.55","11,525.50","","1.42%"
"13-03-2024","11,602.55","11,989.25","12,013.95","11,536.65","","-3.14%"
"12-03-2024","11,979.10","12,096.90","12,115.25","11,947.55","","-0.94%"
"11-03-2024","12,093.35","12,187.70","12,187.85","12,076.75","","-0.34%"
"07-03-2024","12,135.10","12,102.70","12,181.05","12,093.75","","0.38%"
"06-03-2024","12,088.95","12,072.20","12,103.75","11,899.10","","0.23%"
"05-03-2024","12,061.05","12,041.40","12,096.10","11,983.70","","0.49%"
"04-03-2024","12,002.40","12,016.30","12,042.80","11,964.50","","0.03%"
"02-03-2024","11,998.55","11,985.95","12,012.50","11,940.05","","0.59%"
"01-03-2024","11,928.35","11,811.90","11,938.80","11,808.70","","1.53%"
"29-02-2024","11,748.25","11,699.50","11,783.65","11,626.45","","0.33%"
"28-02-2024","11,709.05","11,894.80","11,904.30","11,680.05","","-1.40%"
"27-02-2024","11,875.25","11,809.65","11,886.65","11,793.15","","0.53%"
"26-02-2024","11,812.50","11,857.00","11,865.05","11,773.60","","-0.28%"
"23-02-2024","11,845.80","11,837.90","11,880.75","11,802.15","","0.43%"
"22-02-2024","11,795.30","11,720.85","11,810.75","11,623.35","","1.04%"
"21-02-2024","11,673.50","11,757.95","11,790.55","11,632.70","","-0.35%"
"20-02-2024","11,714.90","11,748.40","11,754.25","11,657.35","","-0.24%"
"19-02-2024","11,743.00","11,746.70","11,769.80","11,692.35","","0.38%"
"16-02-2024","11,698.15","11,637.55","11,724.95","11,627.45","","1.07%"
"15-02-2024","11,574.85","11,552.05","11,593.00","11,531.05","","0.73%"
"14-02-2024","11,490.65","11,316.15","11,512.30","11,287.10","","0.98%"
"13-02-2024","11,379.25","11,385.05","11,391.75","11,248.40","","0.01%"
"12-02-2024","11,377.55","11,523.70","11,550.10","11,348.85","","-0.93%"
"09-02-2024","11,483.90","11,576.35","11,578.05","11,348.85","","-0.51%"
"08-02-2024","11,542.80","11,641.95","11,641.95","11,522.70","","-0.30%"
"07-02-2024","11,577.75","11,618.05","11,621.95","11,516.15","","0.22%"
"06-02-2024","11,552.75","11,453.75","11,559.50","11,405.10","","1.23%"
"05-02-2024","11,412.70","11,445.35","11,518.40","11,377.65","","0.42%"
"02-02-2024","11,365.40","11,290.35","11,413.55","11,278.60","","1.03%"
"01-02-2024","11,249.65","11,339.15","11,346.95","11,232.90","","-0.29%"
"31-01-2024","11,282.45","11,103.45","11,293.35","11,103.30","","1.60%"
"30-01-2024","11,104.95","11,225.75","11,246.20","11,094.90","","-0.67%"
"29-01-2024","11,179.80","11,032.40","11,191.65","11,008.45","","1.52%"
"25-01-2024","11,012.70","11,093.40","11,093.45","10,947.05","","-0.35%"
"24-01-2024","11,051.90","10,892.30","11,066.25","10,795.70","","1.70%"
"23-01-2024","10,867.15","11,089.25","11,113.20","10,824.30","","-1.56%"
"20-01-2024","11,039.30","11,134.35","11,150.40","11,027.45","","-0.48%"
"19-01-2024","11,092.60","11,034.90","11,096.90","11,022.80","","1.08%"
"18-01-2024","10,974.10","10,948.10","10,994.60","10,749.95","","0.04%"
"17-01-2024","10,969.80","11,038.55","11,066.20","10,957.60","","-1.31%"
"16-01-2024","11,115.25","11,145.40","11,168.95","11,048.00","","-0.18%"
"15-01-2024","11,135.85","11,137.05","11,146.25","11,045.10","","0.42%"
"12-01-2024","11,089.60","11,119.55","11,121.55","11,045.85","","0.00%"
"11-01-2024","11,089.40","11,074.55","11,113.85","11,069.55","","0.43%"
"10-01-2024","11,041.75","11,009.60","11,050.85","10,924.60","","0.41%"
"09-01-2024","10,997.10","11,039.10","11,059.05","10,975.30","","0.48%"
"08-01-2024","10,944.90","11,080.15","11,088.90","10,936.50","","-0.79%"
"05-01-2024","11,031.90","11,068.30","11,089.85","10,982.75","","0.09%"
"04-01-2024","11,021.45","11,038.80","11,047.05","10,998.90","","0.22%"
"03-01-2024","10,997.30","11,025.80","11,030.10","10,943.00","","-0.24%"
"02-01-2024","11,024.05","11,059.20","11,066.50","10,912.40","","-0.09%"
"01-01-2024","11,033.50","11,068.15","11,071.70","11,015.10","","-0.04%"
"29-12-2023","11,037.95","11,001.70","11,051.75","10,965.65","","0.42%"
"28-12-2023","10,991.70","10,932.00","11,006.05","10,919.95","","0.82%"
"27-12-2023","10,901.90","10,864.85","10,908.25","10,831.45","","0.77%"
"26-12-2023","10,818.90","10,742.85","10,831.50","10,729.05","","1.09%"
"22-12-2023","10,702.30","10,642.10","10,713.05","10,624.35","","1.14%"
"21-12-2023","10,581.40","10,430.15","10,598.95","10,373.35","","0.78%"
"20-12-2023","10,499.35","10,788.85","10,810.60","10,472.55","","-2.19%"
"19-12-2023","10,734.60","10,792.90","10,796.05","10,678.45","","-0.21%"
"18-12-2023","10,756.90","10,698.15","10,777.40","10,664.15","","0.58%"
"15-12-2023","10,694.80","10,707.20","10,735.25","10,655.25","","0.54%"
"14-12-2023","10,637.35","10,652.50","10,656.10","10,605.70","","0.44%"
"13-12-2023","10,591.15","10,530.60","10,603.95","10,479.40","","0.80%"
"12-12-2023","10,507.15","10,610.65","10,615.65","10,462.05","","-0.62%"
"11-12-2023","10,572.95","10,537.35","10,583.00","10,497.60","","0.46%"
"08-12-2023","10,524.65","10,598.35","10,616.05","10,451.40","","-0.41%"
"07-12-2023","10,567.70","10,569.65","10,577.35","10,519.90","","0.33%"
"06-12-2023","10,532.80","10,537.15","10,554.25","10,480.20","","0.26%"
"05-12-2023","10,505.50","10,493.30","10,530.30","10,445.30","","0.37%"
"04-12-2023","10,466.50","10,351.60","10,470.80","10,351.60","","1.11%"
"01-12-2023","10,351.40","10,359.50","10,383.90","10,326.55","","0.45%"
"30-11-2023","10,305.05","10,229.85","10,317.10","10,196.55","","0.87%"
"29-11-2023","10,216.50","10,179.55","10,221.50","10,157.75","","0.81%"
"28-11-2023","10,134.65","10,132.60","10,139.80","10,093.80","","0.42%"
"24-11-2023","10,092.10","10,107.95","10,122.40","10,080.85","","0.13%"
"23-11-2023","10,078.95","10,103.85","10,109.85","10,062.45","","0.06%"
"22-11-2023","10,073.40","10,052.15","10,081.75","10,012.40","","0.35%"
"21-11-2023","10,038.40","10,009.60","10,049.80","10,002.25","","0.66%"
"20-11-2023","9,972.10","10,023.65","10,039.20","9,956.40","","-0.39%"
"17-11-2023","10,011.35","9,967.60","10,038.85","9,961.10","","0.57%"
"16-11-2023","9,954.65","9,902.95","9,991.70","9,885.40","","0.63%"
"15-11-2023","9,892.65","9,860.25","9,899.55","9,831.60","","1.18%"
"13-11-2023","9,777.30","9,788.60","9,801.80","9,750.25","","-0.19%"
"12-11-2023","9,796.40","9,822.35","9,822.90","9,788.20","","0.48%"
"10-11-2023","9,749.75","9,734.10","9,766.95","9,675.90","","0.09%"
"09-11-2023","9,740.90","9,764.00","9,769.90","9,729.80","","-0.03%"
"08-11-2023","9,743.95","9,715.90","9,748.30","9,701.50","","0.79%"
"07-11-2023","9,668.05","9,643.45","9,691.35","9,620.65","","0.27%"
"06-11-2023","9,642.00","9,597.75","9,648.50","9,584.75","","0.97%"
"03-11-2023","9,549.55","9,570.80","9,575.65","9,539.85","","0.48%"
"02-11-2023","9,503.90","9,457.45","9,514.75","9,455.15","","1.04%"
"01-11-2023","9,405.80","9,444.60","9,457.70","9,396.05","","-0.24%"
"31-10-2023","9,428.75","9,518.70","9,518.70","9,417.70","","-0.38%"
"30-10-2023","9,465.10","9,508.50","9,516.20","9,402.30","","-0.10%"
"27-10-2023","9,474.65","9,416.15","9,499.45","9,415.85","","1.06%"
"26-10-2023","9,374.90","9,454.60","9,459.50","9,330.15","","-1.28%"
"25-10-2023","9,496.35","9,572.40","9,606.75","9,435.40","","-0.49%"
"23-10-2023","9,543.35","9,710.05","9,745.05","9,524.05","","-1.86%"
"20-10-2023","9,724.60","9,800.95","9,819.50","9,709.25","","-1.05%"
"19-10-2023","9,827.30","9,808.95","9,840.20","9,752.70","","-0.26%"
"18-10-2023","9,852.75","9,889.50","9,925.20","9,839.65","","-0.21%"
"17-10-2023","9,873.70","9,886.30","9,901.00","9,853.10","","0.31%"
"16-10-2023","9,843.30","9,813.95","9,854.60","9,800.45","","0.35%"
"13-10-2023","9,808.75","9,742.95","9,823.20","9,738.60","","0.20%"
"12-10-2023","9,789.05","9,776.45","9,794.05","9,769.80","","0.42%"
"11-10-2023","9,747.90","9,719.25","9,762.40","9,718.35","","0.72%"
"10-10-2023","9,678.45","9,613.95","9,686.40","9,611.20","","1.02%"
"09-10-2023","9,581.15","9,598.00","9,633.00","9,552.65","","-0.93%"
"06-10-2023","9,671.45","9,678.60","9,688.75","9,652.40","","0.46%"
"05-10-2023","9,627.55","9,650.30","9,666.50","9,605.05","","0.21%"
"04-10-2023","9,607.30","9,695.75","9,701.50","9,562.45","","-1.20%"
"03-10-2023","9,723.65","9,815.65","9,816.80","9,703.50","","-0.75%"
"29-09-2023","9,796.80","9,718.25","9,837.85","9,706.00","","1.27%"
"28-09-2023","9,674.30","9,817.45","9,828.45","9,651.55","","-1.26%"
"27-09-2023","9,797.70","9,766.50","9,805.65","9,737.80","","0.40%"
"26-09-2023","9,759.15","9,754.25","9,789.10","9,747.30","","0.20%"
"25-09-2023","9,739.45","9,767.10","9,777.40","9,716.10","","-0.14%"
"22-09-2023","9,753.05","9,814.20","9,821.90","9,732.40","","-0.56%"
"21-09-2023","9,808.10","9,896.85","9,916.35","9,788.15","","-0.96%"
"20-09-2023","9,903.15","9,952.00","9,989.95","9,896.20","","-0.74%"
"18-09-2023","9,977.35","10,023.15","10,023.15","9,967.45","","-0.09%"
"15-09-2023","9,986.70","9,988.10","10,002.70","9,949.60","","0.44%"
"14-09-2023","9,942.70","9,919.55","9,971.85","9,908.75","","0.71%"
"13-09-2023","9,872.15","9,885.10","9,915.30","9,786.85","","0.01%"
"12-09-2023","9,871.00","10,125.40","10,127.30","9,850.95","","-2.07%"
"11-09-2023","10,079.35","10,027.30","10,083.80","10,021.95","","0.94%"
"08-09-2023","9,985.70","9,964.80","10,000.40","9,951.10","","0.53%"
"07-09-2023","9,933.35","9,908.80","9,941.15","9,895.00","","0.29%"
"06-09-2023","9,904.85","9,922.15","9,923.05","9,862.05","","0.07%"
"05-09-2023","9,898.10","9,877.60","9,905.80","9,857.80","","0.47%"
"04-09-2023","9,851.85","9,859.35","9,872.55","9,834.20","","0.51%"
"01-09-2023","9,801.65","9,733.00","9,812.75","9,718.95","","0.95%"
"31-08-2023","9,709.65","9,749.80","9,757.60","9,696.70","","-0.08%"
"30-08-2023","9,717.70","9,726.15","9,748.85","9,712.60","","0.38%"
"29-08-2023","9,680.65","9,661.55","9,688.80","9,645.50","","0.51%"
"28-08-2023","9,631.45","9,614.75","9,659.15","9,610.15","","0.49%"
"25-08-2023","9,584.80","9,638.80","9,663.70","9,571.25","","-0.71%"
"24-08-2023","9,652.95","9,727.85","9,731.30","9,644.85","","-0.24%"
"23-08-2023","9,676.55","9,676.25","9,700.95","9,662.45","","0.31%"
"22-08-2023","9,646.50","9,615.75","9,652.90","9,609.95","","0.52%"
"21-08-2023","9,596.30","9,570.85","9,603.70","9,553.40","","0.41%"
"18-08-2023","9,557.35","9,585.40","9,606.05","9,533.40","","-0.33%"
"17-08-2023","9,588.75","9,621.35","9,641.45","9,576.10","","-0.21%"
"16-08-2023","9,608.45","9,574.15","9,616.30","9,520.25","","0.30%"
"14-08-2023","9,579.95","9,613.90","9,615.65","9,491.20","","-0.45%"
"11-08-2023","9,623.40","9,683.10","9,684.80","9,612.45","","-0.30%"
"10-08-2023","9,652.60","9,689.50","9,693.35","9,625.10","","-0.30%"
"09-08-2023","9,681.20","9,619.40","9,688.45","9,582.35","","0.84%"
"08-08-2023","9,600.65","9,638.85","9,645.05","9,565.20","","-0.16%"
"07-08-2023","9,616.25","9,599.45","9,621.80","9,571.45","","0.53%"
"04-08-2023","9,565.75","9,572.45","9,609.55","9,541.55","","0.34%"
"03-08-2023","9,533.05","9,537.50","9,582.10","9,491.70","","-0.24%"
"02-08-2023","9,555.80","9,681.20","9,682.10","9,491.75","","-1.33%"
"01-08-2023","9,684.45","9,705.75","9,729.00","9,673.80","","0.05%"
"31-07-2023","9,679.75","9,577.70","9,691.05","9,576.30","","1.07%"
"28-07-2023","9,577.10","9,564.45","9,583.65","9,533.60","","0.41%"
"27-07-2023","9,537.70","9,580.20","9,600.20","9,505.70","","-0.12%"
"26-07-2023","9,548.95","9,540.70","9,562.00","9,532.55","","0.37%"
"25-07-2023","9,513.55","9,484.30","9,523.40","9,468.65","","0.64%"
"24-07-2023","9,453.30","9,452.80","9,486.60","9,433.45","","-0.01%"
"21-07-2023","9,453.85","9,481.50","9,489.85","9,445.20","","-0.41%"
"20-07-2023","9,493.20","9,476.90","9,497.15","9,440.80","","0.41%"
"19-07-2023","9,454.55","9,436.45","9,467.55","9,421.30","","0.41%"
"18-07-2023","9,416.10","9,441.85","9,449.05","9,373.35","","0.01%"
"17-07-2023","9,414.70","9,415.20","9,428.75","9,400.75","","0.35%"
"14-07-2023","9,382.00","9,370.65","9,390.50","9,337.55","","0.52%"
"13-07-2023","9,333.05","9,420.85","9,438.75","9,310.40","","-0.47%"
"12-07-2023","9,377.20","9,380.75","9,390.80","9,348.15","","0.17%"
"11-07-2023","9,361.20","9,305.15","9,367.15","9,288.90","","0.98%"
"10-07-2023","9,270.00","9,301.90","9,329.05","9,260.45","","0.02%"
"07-07-2023","9,268.00","9,292.30","9,341.25","9,241.70","","-0.47%"
"06-07-2023","9,311.65","9,232.15","9,315.10","9,223.05","","0.95%"
"05-07-2023","9,223.95","9,199.60","9,234.75","9,179.60","","0.60%"
"04-07-2023","9,169.35","9,229.80","9,230.70","9,152.85","","-0.26%"
"03-07-2023","9,193.20","9,238.50","9,259.75","9,184.20","","-0.12%"
"30-06-2023","9,204.15","9,131.00","9,210.30","9,125.05","","1.07%"
"28-06-2023","9,106.45","9,068.25","9,121.65","9,058.00","","0.80%"
"27-06-2023","9,033.95","9,053.75","9,072.55","9,020.10","","0.08%"
"26-06-2023","9,026.75","8,963.85","9,037.45","8,935.65","","0.82%"
"23-06-2023","8,953.00","9,063.10","9,065.70","8,943.70","","-1.21%"
"22-06-2023","9,063.10","9,119.10","9,148.25","9,052.00","","-0.51%"
"21-06-2023","9,109.95","9,152.10","9,154.15","9,089.55","","-0.21%"
"20-06-2023","9,129.35","9,102.50","9,140.55","9,065.00","","0.36%"
"19-06-2023","9,096.65","9,151.10","9,166.50","9,086.45","","-0.23%"
"16-06-2023","9,117.95","9,089.10","9,131.75","9,081.10","","0.68%"
"15-06-2023","9,055.95","9,052.15","9,079.95","9,034.80","","0.22%"
"14-06-2023","9,035.75","9,011.20","9,042.25","9,003.80","","0.57%"
"13-06-2023","8,984.65","8,933.00","8,989.60","8,926.70","","0.95%"
"12-06-2023","8,899.80","8,894.25","8,910.90","8,872.00","","0.29%"
"09-06-2023","8,874.40","8,927.10","8,933.00","8,870.85","","-0.36%"
"08-06-2023","8,906.80","8,967.90","8,979.95","8,895.90","","-0.44%"
"07-06-2023","8,946.00","8,898.00","8,950.55","8,883.25","","0.92%"
"06-06-2023","8,864.80","8,846.90","8,870.50","8,824.10","","0.40%"
"05-06-2023","8,829.30","8,796.10","8,839.45","8,783.60","","0.83%"
"02-06-2023","8,756.60","8,727.80","8,761.85","8,717.00","","0.67%"
"01-06-2023","8,698.15","8,695.85","8,721.85","8,684.40","","0.20%"
"31-05-2023","8,680.40","8,665.75","8,692.50","8,652.70","","0.07%"
"30-05-2023","8,674.75","8,688.60","8,703.70","8,665.45","","-0.03%"
"29-05-2023","8,677.75","8,679.55","8,683.30","8,641.55","","0.54%"
"26-05-2023","8,630.90","8,551.65","8,635.95","8,543.20","","1.01%"
"25-05-2023","8,544.50","8,518.70","8,552.95","8,499.30","","0.18%"
"24-05-2023","8,528.80","8,501.35","8,548.05","8,478.05","","0.23%"
"23-05-2023","8,509.00","8,491.25","8,530.55","8,479.15","","0.45%"
"22-05-2023","8,470.70","8,420.05","8,475.20","8,385.65","","0.60%"
"19-05-2023","8,420.20","8,438.70","8,441.75","8,359.05","","-0.05%"
"18-05-2023","8,424.05","8,532.50","8,535.30","8,416.95","","-0.79%"
"17-05-2023","8,490.80","8,520.60","8,536.90","8,459.85","","-0.20%"
"16-05-2023","8,507.60","8,538.55","8,559.60","8,499.85","","-0.02%"
"15-05-2023","8,509.70","8,509.60","8,532.65","8,479.50","","0.20%"
"12-05-2023","8,492.40","8,508.75","8,510.05","8,456.95","","-0.12%"
"11-05-2023","8,502.25","8,527.85","8,527.85","8,487.05","","-0.17%"
"10-05-2023","8,516.85","8,520.20","8,528.15","8,482.40","","0.24%"
"09-05-2023","8,496.75","8,504.25","8,531.70","8,473.10","","0.12%"
"08-05-2023","8,486.40","8,442.00","8,494.15","8,435.55","","0.86%"
"05-05-2023","8,414.30","8,454.10","8,476.55","8,408.30","","-0.44%"
"04-05-2023","8,451.35","8,425.70","8,458.15","8,413.10","","0.55%"
"03-05-2023","8,405.20","8,387.60","8,411.30","8,367.80","","0.11%"
"02-05-2023","8,396.30","8,363.20","8,409.45","8,359.20","","0.67%"
"28-04-2023","8,340.65","8,290.60","8,347.50","8,277.20","","0.98%"
"27-04-2023","8,259.90","8,220.00","8,266.00","8,209.05","","0.51%"
"26-04-2023","8,217.80","8,199.80","8,221.65","8,180.25","","0.15%"
"25-04-2023","8,205.20","8,200.60","8,216.90","8,178.70","","0.07%"
"24-04-2023","8,199.50","8,210.45","8,211.40","8,173.10","","-0.10%"
"21-04-2023","8,207.55","8,238.75","8,240.00","8,185.15","","-0.26%"
"20-04-2023","8,228.80","8,250.95","8,256.70","8,217.90","","-0.10%"
"19-04-2023","8,236.90","8,251.45","8,274.95","8,231.05","","-0.11%"
"18-04-2023","8,245.65","8,222.55","8,250.85","8,200.00","","0.44%"
"17-04-2023","8,209.15","8,213.35","8,213.35","8,176.65","","0.24%"
"13-04-2023","8,189.75","8,199.05","8,211.60","8,168.90","","0.02%"
"12-04-2023","8,188.05","8,141.35","8,192.80","8,136.35","","0.81%"
"11-04-2023","8,122.00","8,092.80","8,127.90","8,077.40","","0.70%"
"10-04-2023","8,065.15","8,047.55","8,077.45","8,033.05","","0.53%"
"06-04-2023","8,022.85","7,980.90","8,029.00","7,963.35","","0.56%"
"05-04-2023","7,977.80","7,970.75","7,983.60","7,935.90","","0.15%"
"03-04-2023","7,966.10","7,991.85","7,991.95","7,936.30","","0.23%"
"31-03-2023","7,948.10","7,902.45","7,964.50","7,900.65","","1.09%"
"29-03-2023","7,862.60","7,783.95","7,873.65","7,780.00","","1.09%"
"28-03-2023","7,778.20","7,818.90","7,822.30","7,754.05","","-0.24%"
"27-03-2023","7,796.90","7,817.95","7,841.15","7,786.55","","-0.09%"
"24-03-2023","7,803.85","7,883.50","7,885.50","7,790.85","","-0.82%"
"23-03-2023","7,868.55","7,863.80","7,890.80","7,851.40","","-0.14%"
"22-03-2023","7,879.75","7,876.05","7,900.05","7,863.55","","0.37%"
"21-03-2023","7,851.00","7,851.30","7,866.20","7,831.10","","0.34%"
"20-03-2023","7,824.10","7,874.55","7,888.60","7,769.80","","-0.89%"
"17-03-2023","7,894.00","7,919.65","7,930.55","7,850.60","","0.48%"
"16-03-2023","7,856.50","7,877.50","7,884.20","7,778.70","","-0.32%"
"15-03-2023","7,881.75","7,928.75","7,950.50","7,873.35","","0.15%"
"14-03-2023","7,870.25","7,918.05","7,920.10","7,842.95","","-0.43%"
"13-03-2023","7,904.40","8,017.85","8,044.20","7,876.90","","-1.43%"
"10-03-2023","8,018.70","8,002.25","8,025.80","7,955.85","","-0.34%"
"09-03-2023","8,046.35","8,126.15","8,140.55","8,039.10","","-0.75%"
"08-03-2023","8,106.75","8,058.85","8,114.70","8,029.95","","0.31%"
"06-03-2023","8,081.75","8,079.25","8,111.75","8,074.10","","0.43%"
"03-03-2023","8,046.90","8,041.50","8,068.45","8,023.95","","0.56%"
"02-03-2023","8,001.85","8,059.25","8,061.55","7,993.50","","-0.53%"
"01-03-2023","8,044.35","7,958.60","8,052.45","7,957.85","","1.27%"
"28-02-2023","7,943.60","7,999.25","8,005.85","7,937.65","","-0.54%"
"27-02-2023","7,986.80","8,070.55","8,073.70","7,933.85","","-1.15%"
"24-02-2023","8,079.40","8,150.15","8,162.85","8,062.45","","-0.58%"
"23-02-2023","8,126.75","8,154.10","8,164.70","8,095.40","","-0.13%"
"22-02-2023","8,137.35","8,217.00","8,219.25","8,120.55","","-1.13%"
"21-02-2023","8,230.30","8,264.20","8,277.15","8,217.95","","-0.03%"
"20-02-2023","8,233.05","8,278.65","8,284.90","8,209.00","","-0.45%"
"17-02-2023","8,270.15","8,292.55","8,323.35","8,256.65","","-0.51%"
"16-02-2023","8,312.50","8,279.00","8,330.35","8,273.55","","0.82%"
"15-02-2023","8,244.75","8,189.75","8,252.25","8,189.70","","0.55%"
"14-02-2023","8,199.35","8,214.40","8,221.85","8,176.40","","0.07%"
"13-02-2023","8,193.25","8,244.20","8,261.65","8,183.65","","-0.54%"
"10-02-2023","8,237.90","8,233.25","8,250.05","8,200.65","","0.04%"
"09-02-2023","8,234.35","8,246.25","8,269.90","8,224.50","","-0.22%"
"08-02-2023","8,252.65","8,202.75","8,258.90","8,174.20","","0.82%"
"07-02-2023","8,185.45","8,226.70","8,235.50","8,153.95","","-0.61%"
"06-02-2023","8,235.90","8,230.20","8,243.90","8,174.45","","-0.10%"
"03-02-2023","8,244.15","8,259.95","8,264.50","8,156.00","","0.06%"
"02-02-2023","8,238.80","8,226.55","8,278.45","8,194.00","","-0.21%"
"01-02-2023","8,256.45","8,336.60","8,405.25","8,130.90","","-0.36%"
"31-01-2023","8,286.30","8,242.60","8,302.15","8,208.25","","1.12%"
"30-01-2023","8,194.40","8,218.50","8,254.55","8,131.75","","-0.25%"
"27-01-2023","8,214.90","8,287.55","8,322.15","8,129.55","","-0.41%"
"25-01-2023","8,248.95","8,305.10","8,316.65","8,232.10","","-0.77%"
"24-01-2023","8,313.05","8,353.65","8,361.15","8,303.45","","-0.25%"
"23-01-2023","8,333.95","8,339.70","8,352.45","8,315.25","","0.25%"
"20-01-2023","8,313.55","8,394.40","8,399.10","8,306.50","","-0.89%"
"19-01-2023","8,388.15","8,370.15","8,402.10","8,359.85","","-0.07%"
"18-01-2023","8,394.05","8,352.25","8,398.05","8,343.60","","0.66%"
"17-01-2023","8,338.65","8,327.40","8,346.70","8,283.75","","0.31%"
"16-01-2023","8,313.15","8,379.75","8,391.25","8,298.30","","-0.54%"
"13-01-2023","8,358.30","8,349.70","8,368.05","8,309.50","","0.27%"
"12-01-2023","8,336.10","8,373.25","8,377.25","8,299.80","","-0.15%"
"11-01-2023","8,349.00","8,384.00","8,393.05","8,332.35","","-0.14%"
"10-01-2023","8,360.95","8,385.00","8,395.60","8,322.10","","-0.04%"
"09-01-2023","8,364.40","8,328.80","8,372.20","8,318.25","","1.16%"
"06-01-2023","8,268.40","8,306.90","8,330.30","8,246.70","","-0.38%"
"05-01-2023","8,299.75","8,258.00","8,309.20","8,234.25","","0.88%"
"04-01-2023","8,227.70","8,313.60","8,320.15","8,215.35","","-0.94%"
"03-01-2023","8,305.65","8,311.35","8,321.45","8,282.45","","0.04%"
"02-01-2023","8,302.00","8,269.50","8,309.40","8,255.60","","0.73%"
"30-12-2022","8,241.75","8,282.30","8,302.75","8,228.75","","0.04%"
"29-12-2022","8,238.35","8,201.45","8,251.30","8,169.20","","0.10%"
"28-12-2022","8,229.95","8,215.30","8,268.55","8,193.10","","0.06%"
"27-12-2022","8,225.40","8,170.70","8,232.00","8,143.80","","1.20%"
"26-12-2022","8,128.25","8,041.20","8,152.65","7,981.95","","1.22%"
"23-12-2022","8,029.90","8,189.60","8,211.55","8,013.20","","-2.61%"
"22-12-2022","8,245.25","8,353.90","8,373.45","8,203.55","","-0.90%"
"21-12-2022","8,320.30","8,411.25","8,433.75","8,293.15","","-0.74%"
"20-12-2022","8,382.30","8,389.10","8,389.10","8,306.30","","-0.29%"
"19-12-2022","8,407.05","8,351.75","8,413.80","8,301.90","","0.78%"
"16-12-2022","8,342.25","8,421.75","8,446.85","8,333.25","","-1.32%"
"15-12-2022","8,453.45","8,541.00","8,563.20","8,440.70","","-1.08%"
"14-12-2022","8,545.75","8,508.20","8,549.90","8,503.70","","0.78%"
"13-12-2022","8,479.20","8,485.35","8,495.60","8,458.10","","0.19%"
"12-12-2022","8,463.45","8,441.70","8,470.55","8,386.90","","0.11%"
"09-12-2022","8,453.85","8,524.35","8,541.95","8,406.75","","-0.40%"
"08-12-2022","8,488.05","8,496.75","8,501.85","8,460.60","","0.12%"
"07-12-2022","8,478.25","8,544.25","8,552.00","8,466.80","","-0.60%"
"06-12-2022","8,529.00","8,580.90","8,585.40","8,511.85","","-0.84%"
"05-12-2022","8,601.00","8,600.10","8,611.10","8,555.80","","0.31%"
"02-12-2022","8,574.65","8,567.00","8,578.70","8,531.50","","0.04%"
"01-12-2022","8,571.00","8,582.15","8,586.75","8,550.55","","0.33%"
"30-11-2022","8,542.75","8,465.65","8,565.65","8,462.65","","1.06%"
"29-11-2022","8,453.05","8,451.55","8,474.85","8,442.45","","0.13%"
"28-11-2022","8,442.45","8,400.55","8,450.50","8,382.80","","0.44%"
"25-11-2022","8,405.10","8,368.90","8,416.05","8,347.35","","0.64%"
"24-11-2022","8,352.05","8,349.80","8,360.60","8,322.40","","0.40%"
"23-11-2022","8,318.65","8,331.00","8,338.65","8,306.95","","0.26%"
"22-11-2022","8,296.80","8,268.05","8,303.05","8,250.30","","0.49%"
"21-11-2022","8,256.10","8,294.20","8,297.05","8,240.25","","-0.40%"
"18-11-2022","8,289.05","8,369.00","8,375.95","8,249.35","","-0.76%"
"17-11-2022","8,352.65","8,388.05","8,394.85","8,341.30","","-0.60%"
"16-11-2022","8,402.95","8,440.65","8,459.90","8,367.75","","-0.44%"
"15-11-2022","8,440.30","8,439.35","8,450.65","8,397.10","","0.20%"
"14-11-2022","8,423.05","8,420.30","8,443.00","8,400.15","","0.16%"
"11-11-2022","8,409.90","8,440.50","8,463.90","8,395.10","","0.58%"
"10-11-2022","8,361.40","8,413.45","8,430.85","8,330.65","","-1.00%"
"09-11-2022","8,446.05","8,549.45","8,551.70","8,432.45","","-0.75%"
"07-11-2022","8,509.95","8,521.75","8,543.05","8,461.45","","0.29%"
"04-11-2022","8,484.95","8,470.30","8,493.85","8,441.75","","0.42%"
"03-11-2022","8,449.10","8,424.60","8,478.50","8,418.95","","-0.20%"
"02-11-2022","8,466.25","8,477.35","8,508.75","8,454.95","","-0.07%"
"01-11-2022","8,472.30","8,417.85","8,480.50","8,408.35","","0.97%"
"31-10-2022","8,390.85","8,328.75","8,396.20","8,324.75","","1.22%"
"28-10-2022","8,290.00","8,321.60","8,327.90","8,250.15","","-0.23%"
"27-10-2022","8,309.35","8,280.75","8,326.20","8,268.85","","0.95%"
"25-10-2022","8,231.45","8,228.45","8,256.20","8,187.55","","0.21%"
"24-10-2022","8,213.95","8,234.55","8,242.75","8,206.65","","0.67%"
"21-10-2022","8,159.35","8,257.10","8,277.10","8,131.50","","-0.97%"
"20-10-2022","8,239.30","8,171.80","8,247.45","8,149.90","","0.33%"
"19-10-2022","8,212.15","8,248.50","8,268.80","8,198.85","","-0.16%"
"18-10-2022","8,225.20","8,180.95","8,232.05","8,180.45","","1.06%"
"17-10-2022","8,138.65","8,099.35","8,153.65","8,056.30","","0.27%"
"14-10-2022","8,116.35","8,240.95","8,246.35","8,110.90","","-0.14%"
"13-10-2022","8,127.35","8,169.15","8,190.95","8,096.40","","-0.33%"
"12-10-2022","8,154.65","8,126.75","8,166.05","8,072.80","","0.62%"
"11-10-2022","8,104.30","8,281.50","8,282.00","8,088.00","","-1.86%"
"10-10-2022","8,257.80","8,233.15","8,278.55","8,184.90","","-0.80%"
"07-10-2022","8,324.30","8,327.30","8,344.00","8,277.55","","-0.06%"
"06-10-2022","8,329.55","8,293.90","8,350.75","8,289.60","","1.11%"
"04-10-2022","8,238.25","8,203.05","8,247.40","8,171.65","","1.91%"
"03-10-2022","8,083.95","8,176.15","8,197.20","8,058.10","","-0.91%"
"30-09-2022","8,158.00","8,050.55","8,175.30","7,976.40","","1.48%"
"29-09-2022","8,039.20","8,070.10","8,104.20","7,997.00","","0.52%"
"28-09-2022","7,998.00","7,987.20","8,080.60","7,963.90","","-0.54%"
"27-09-2022","8,041.45","8,097.60","8,107.75","7,965.65","","-0.13%"
"26-09-2022","8,052.10","8,226.75","8,232.05","8,017.40","","-2.95%"
"23-09-2022","8,296.80","8,424.05","8,454.65","8,281.15","","-1.32%"
"22-09-2022","8,408.00","8,354.70","8,428.70","8,323.20","","0.25%"
"21-09-2022","8,387.20","8,459.40","8,509.55","8,380.30","","-0.77%"
"20-09-2022","8,452.50","8,368.50","8,485.10","8,366.35","","1.71%"
"19-09-2022","8,310.10","8,330.20","8,338.20","8,231.20","","0.03%"
"16-09-2022","8,307.90","8,511.65","8,517.00","8,267.60","","-2.51%"
"15-09-2022","8,522.20","8,585.10","8,603.10","8,508.80","","-0.32%"
"14-09-2022","8,549.55","8,447.00","8,579.75","8,446.95","","-0.07%"
"13-09-2022","8,555.75","8,571.10","8,582.30","8,549.30","","0.28%"
"12-09-2022","8,531.65","8,488.05","8,538.90","8,485.90","","0.86%"
"09-09-2022","8,458.95","8,488.05","8,513.10","8,437.75","","0.24%"
"08-09-2022","8,438.60","8,477.55","8,486.55","8,413.20","","0.20%"
"07-09-2022","8,421.65","8,383.10","8,426.35","8,370.85","","0.02%"
"06-09-2022","8,420.05","8,435.35","8,448.95","8,395.95","","0.19%"
"05-09-2022","8,403.70","8,374.95","8,410.95","8,365.05","","0.57%"
"02-09-2022","8,355.75","8,427.55","8,437.75","8,347.75","","-0.44%"
"01-09-2022","8,392.40","8,316.00","8,427.95","8,315.90","","-0.01%"
"30-08-2022","8,393.55","8,299.25","8,399.35","8,294.75","","1.84%"
"29-08-2022","8,241.55","8,116.00","8,256.30","8,110.00","","-0.62%"
"26-08-2022","8,293.10","8,307.60","8,340.55","8,280.20","","0.51%"
"25-08-2022","8,251.05","8,288.70","8,315.30","8,238.00","","0.00%"
"24-08-2022","8,251.25","8,258.35","8,290.20","8,201.70","","-0.04%"
"23-08-2022","8,254.95","8,097.00","8,269.90","8,092.70","","1.27%"
"22-08-2022","8,151.70","8,265.30","8,266.90","8,139.55","","-1.75%"
"19-08-2022","8,297.00","8,423.55","8,438.50","8,280.70","","-1.31%"
"18-08-2022","8,407.30","8,416.15","8,431.70","8,373.95","","-0.22%"
"17-08-2022","8,426.20","8,440.65","8,451.00","8,417.95","","0.21%"
"16-08-2022","8,408.75","8,348.30","8,414.05","8,321.15","","1.20%"
"12-08-2022","8,308.80","8,281.90","8,325.55","8,269.45","","0.47%"
"11-08-2022","8,269.90","8,295.90","8,299.45","8,244.45","","0.37%"
"10-08-2022","8,239.25","8,219.35","8,245.90","8,182.55","","0.66%"
"08-08-2022","8,184.90","8,143.40","8,195.50","8,130.45","","0.70%"
"05-08-2022","8,128.15","8,177.05","8,192.90","8,109.85","","-0.40%"
"04-08-2022","8,161.15","8,128.50","8,173.10","8,022.20","","0.99%"
"03-08-2022","8,081.45","8,137.25","8,145.50","8,027.20","","-0.71%"
"02-08-2022","8,139.35","8,138.30","8,152.20","8,074.70","","-0.04%"
"01-08-2022","8,142.60","8,073.20","8,150.30","8,047.10","","1.62%"
"29-07-2022","8,012.50","7,920.75","8,018.05","7,914.00","","1.84%"
"28-07-2022","7,867.35","7,844.15","7,880.15","7,787.75","","0.74%"
"27-07-2022","7,809.50","7,717.75","7,816.25","7,696.20","","1.16%"
"26-07-2022","7,720.30","7,794.85","7,798.40","7,711.35","","-0.84%"
"25-07-2022","7,785.95","7,815.55","7,826.90","7,765.70","","-0.40%"
"22-07-2022","7,817.15","7,849.00","7,860.50","7,801.85","","0.04%"
"21-07-2022","7,813.80","7,747.55","7,824.65","7,737.00","","0.95%"
"20-07-2022","7,740.15","7,800.35","7,800.75","7,728.40","","0.34%"
"19-07-2022","7,714.15","7,653.30","7,723.55","7,650.00","","0.50%"
"18-07-2022","7,675.50","7,664.60","7,687.25","7,655.85","","0.94%"
"15-07-2022","7,604.00","7,564.50","7,610.35","7,548.25","","0.75%"
"14-07-2022","7,547.60","7,556.45","7,583.10","7,497.40","","0.14%"
"13-07-2022","7,537.35","7,530.85","7,560.85","7,506.10","","0.49%"
"12-07-2022","7,500.85","7,543.55","7,556.35","7,487.25","","-0.97%"
"11-07-2022","7,574.60","7,486.75","7,584.80","7,467.40","","0.92%"
"08-07-2022","7,505.35","7,569.20","7,570.85","7,479.45","","0.01%"
"07-07-2022","7,504.60","7,454.75","7,510.55","7,435.60","","1.45%"
"06-07-2022","7,397.00","7,305.80","7,406.70","7,274.25","","1.33%"
"05-07-2022","7,299.65","7,329.40","7,390.45","7,288.80","","0.03%"
"04-07-2022","7,297.80","7,266.15","7,306.75","7,218.85","","0.18%"
"01-07-2022","7,284.95","7,257.05","7,298.65","7,181.85","","-0.02%"
"30-06-2022","7,286.05","7,343.65","7,380.40","7,267.85","","-0.87%"
"29-06-2022","7,350.10","7,281.05","7,358.10","7,274.15","","0.14%"
"28-06-2022","7,339.60","7,283.25","7,348.65","7,262.65","","0.51%"
"27-06-2022","7,302.25","7,330.25","7,347.75","7,291.85","","0.89%"
"24-06-2022","7,237.70","7,185.60","7,243.00","7,181.80","","1.37%"
"23-06-2022","7,139.85","7,034.05","7,148.10","7,024.65","","1.88%"
"22-06-2022","7,008.00","7,110.10","7,113.90","6,995.30","","-1.84%"
"21-06-2022","7,139.05","7,023.25","7,156.50","7,016.90","","2.34%"
"20-06-2022","6,975.80","7,079.40","7,090.50","6,914.60","","-1.32%"
"17-06-2022","7,068.85","7,103.90","7,155.25","7,038.15","","-1.07%"
"16-06-2022","7,145.35","7,406.50","7,407.75","7,134.80","","-2.54%"
"15-06-2022","7,331.20","7,329.00","7,353.95","7,305.90","","0.26%"
"14-06-2022","7,312.40","7,306.10","7,395.75","7,290.95","","-0.38%"
"13-06-2022","7,339.95","7,386.70","7,399.40","7,310.80","","-2.17%"
"10-06-2022","7,503.10","7,485.05","7,520.55","7,471.90","","-0.69%"
"09-06-2022","7,555.30","7,491.40","7,561.00","7,474.55","","0.33%"
"08-06-2022","7,530.25","7,571.85","7,580.50","7,486.70","","-0.29%"
"07-06-2022","7,552.05","7,564.20","7,570.10","7,512.40","","-0.61%"
"06-06-2022","7,598.50","7,582.40","7,608.75","7,534.65","","0.00%"
"03-06-2022","7,598.45","7,734.85","7,750.20","7,590.20","","-1.16%"
"02-06-2022","7,687.30","7,669.65","7,694.30","7,635.10","","0.17%"
"01-06-2022","7,673.95","7,691.45","7,721.20","7,636.10","","0.00%"
"31-05-2022","7,673.95","7,628.35","7,712.20","7,615.95","","0.47%"
"30-05-2022","7,638.15","7,571.70","7,645.40","7,568.10","","1.71%"
"27-05-2022","7,510.00","7,498.90","7,521.00","7,438.75","","1.05%"
"26-05-2022","7,432.25","7,418.10","7,445.50","7,277.90","","0.70%"
"25-05-2022","7,380.80","7,533.60","7,552.55","7,375.35","","-1.56%"
"24-05-2022","7,497.60","7,555.80","7,581.40","7,475.50","","-0.52%"
"23-05-2022","7,537.00","7,628.35","7,643.65","7,528.00","","-1.18%"
"20-05-2022","7,626.95","7,545.80","7,632.35","7,537.90","","2.77%"
"19-05-2022","7,421.50","7,455.95","7,501.30","7,401.80","","-2.54%"
"18-05-2022","7,614.75","7,632.35","7,673.00","7,591.05","","0.11%"
"17-05-2022","7,606.15","7,437.80","7,614.00","7,433.45","","2.93%"
"16-05-2022","7,389.85","7,379.00","7,428.20","7,325.85","","0.79%"
"13-05-2022","7,331.85","7,358.85","7,464.55","7,313.15","","0.78%"
"12-05-2022","7,275.45","7,381.20","7,388.00","7,227.30","","-2.17%"
"11-05-2022","7,436.45","7,473.20","7,525.70","7,326.05","","-0.33%"
"10-05-2022","7,461.10","7,572.60","7,640.45","7,439.30","","-1.73%"
"09-05-2022","7,592.55","7,616.60","7,643.20","7,525.25","","-1.28%"
"06-05-2022","7,691.00","7,727.75","7,743.15","7,651.80","","-1.94%"
"05-05-2022","7,842.80","7,904.35","7,958.65","7,831.30","","0.18%"
"04-05-2022","7,828.80","8,060.25","8,065.90","7,802.60","","-2.58%"
"02-05-2022","8,036.25","8,015.25","8,048.55","7,965.35","","-0.42%"
"29-04-2022","8,070.50","8,162.90","8,190.45","8,052.15","","-0.62%"
"28-04-2022","8,120.45","8,145.60","8,145.60","8,067.30","","0.73%"
"27-04-2022","8,061.90","8,055.90","8,084.00","8,001.45","","-0.64%"
"26-04-2022","8,113.65","8,054.90","8,120.50","8,051.70","","1.58%"
"25-04-2022","7,987.75","8,066.35","8,087.30","7,958.40","","-2.06%"
"22-04-2022","8,155.80","8,209.35","8,232.00","8,146.00","","-1.19%"
"21-04-2022","8,253.70","8,196.55","8,260.05","8,190.00","","1.15%"
"20-04-2022","8,159.60","8,117.40","8,204.60","8,090.05","","1.05%"
"19-04-2022","8,075.20","8,191.80","8,232.35","8,009.40","","-0.85%"
"18-04-2022","8,144.70","8,125.30","8,161.00","8,073.10","","-0.15%"
"13-04-2022","8,156.85","8,186.85","8,228.10","8,146.65","","0.02%"
"12-04-2022","8,155.50","8,255.45","8,257.85","8,100.75","","-1.50%"
"11-04-2022","8,279.50","8,282.65","8,310.90","8,269.85","","0.10%"
"08-04-2022","8,271.40","8,220.95","8,293.95","8,198.30","","1.04%"
"07-04-2022","8,186.60","8,221.85","8,248.00","8,168.70","","-0.51%"
"06-04-2022","8,228.35","8,193.05","8,241.95","8,174.55","","0.19%"
"05-04-2022","8,212.45","8,168.65","8,236.95","8,161.65","","0.98%"
"04-04-2022","8,132.85","8,052.40","8,141.55","8,039.00","","1.31%"
"01-04-2022","8,028.05","7,970.60","8,036.35","7,954.70","","0.82%"
"31-03-2022","7,963.05","7,994.20","8,008.15","7,945.75","","-0.17%"
"30-03-2022","7,976.95","8,024.30","8,024.45","7,963.95","","-0.02%"
"29-03-2022","7,978.35","7,958.25","7,988.20","7,942.05","","0.69%"
"28-03-2022","7,923.60","7,940.35","7,958.65","7,861.05","","-0.09%"
"25-03-2022","7,930.90","7,999.35","8,005.55","7,903.55","","-0.49%"
"24-03-2022","7,970.15","7,900.50","7,983.35","7,897.65","","0.39%"
"23-03-2022","7,939.40","7,981.70","7,996.10","7,911.90","","0.17%"
"22-03-2022","7,926.30","7,906.70","7,931.80","7,814.60","","0.43%"
"21-03-2022","7,892.65","7,935.00","7,969.80","7,878.90","","-0.08%"
"17-03-2022","7,898.85","7,847.90","7,913.00","7,844.30","","1.59%"
"16-03-2022","7,775.15","7,719.60","7,782.40","7,696.95","","1.89%"
"15-03-2022","7,630.85","7,700.75","7,725.45","7,579.95","","-0.89%"
"14-03-2022","7,699.45","7,698.60","7,712.65","7,618.45","","0.15%"
"11-03-2022","7,687.70","7,620.95","7,699.95","7,600.90","","0.72%"
"10-03-2022","7,632.65","7,641.00","7,652.40","7,575.50","","1.60%"
"09-03-2022","7,512.15","7,434.90","7,538.25","7,403.65","","1.57%"
"08-03-2022","7,396.05","7,350.40","7,402.20","7,239.35","","0.55%"
"07-03-2022","7,355.95","7,349.30","7,374.90","7,243.30","","-1.30%"
"04-03-2022","7,452.60","7,571.50","7,578.15","7,442.20","","-2.15%"
"03-03-2022","7,616.00","7,753.75","7,762.75","7,594.45","","-0.57%"
"02-03-2022","7,659.90","7,650.85","7,739.15","7,623.90","","-0.49%"
"28-02-2022","7,697.55","7,519.85","7,709.20","7,462.65","","1.52%"
"25-02-2022","7,582.25","7,452.25","7,591.90","7,446.60","","3.53%"
"24-02-2022","7,323.75","7,491.45","7,547.65","7,312.95","","-4.95%"
"23-02-2022","7,705.50","7,734.20","7,764.50","7,694.85","","0.24%"
"22-02-2022","7,686.80","7,572.65","7,696.55","7,568.30","","-0.67%"
"21-02-2022","7,738.65","7,789.00","7,814.45","7,710.30","","-1.06%"
"18-02-2022","7,821.85","7,848.40","7,890.70","7,813.25","","-0.68%"
"17-02-2022","7,875.40","7,914.70","7,946.05","7,863.70","","-0.02%"
"16-02-2022","7,876.60","7,927.70","7,939.20","7,856.70","","-0.06%"
"15-02-2022","7,881.30","7,730.60","7,888.45","7,639.15","","2.37%"
"14-02-2022","7,698.50","7,806.00","7,823.35","7,679.90","","-3.31%"
"11-02-2022","7,961.95","8,003.65","8,020.75","7,945.10","","-1.15%"
"10-02-2022","8,054.75","8,067.15","8,071.55","8,014.35","","0.20%"
"09-02-2022","8,038.90","7,960.25","8,046.70","7,953.15","","1.40%"
"08-02-2022","7,927.65","7,942.80","7,983.75","7,831.65","","0.18%"
"07-02-2022","7,913.40","7,995.00","8,023.15","7,867.20","","-0.96%"
"04-02-2022","7,990.00","8,022.20","8,063.80","7,976.90","","-0.32%"
"03-02-2022","8,015.25","8,057.50","8,070.10","7,997.95","","-0.45%"
"02-02-2022","8,051.70","8,041.15","8,072.80","8,022.90","","0.68%"
"01-02-2022","7,997.05","7,954.95","8,005.80","7,851.30","","1.26%"
"31-01-2022","7,897.70","7,898.35","7,930.10","7,867.35","","1.15%"
"28-01-2022","7,807.80","7,817.45","7,945.60","7,798.05","","0.52%"
"27-01-2022","7,767.60","7,778.80","7,798.55","7,675.25","","-0.97%"
"25-01-2022","7,843.45","7,694.15","7,852.80","7,606.50","","1.23%"
"24-01-2022","7,747.90","7,995.70","8,004.55","7,684.40","","-3.37%"
"21-01-2022","8,018.25","8,108.50","8,125.75","7,958.05","","-1.66%"
"20-01-2022","8,153.65","8,194.90","8,216.30","8,117.70","","-0.47%"
"19-01-2022","8,192.00","8,183.05","8,207.70","8,111.75","","0.18%"
"18-01-2022","8,177.20","8,352.15","8,354.10","8,154.65","","-1.81%"
"17-01-2022","8,328.05","8,300.25","8,346.25","8,288.30","","0.56%"
"14-01-2022","8,281.35","8,245.80","8,308.75","8,227.60","","0.10%"
"13-01-2022","8,272.85","8,198.30","8,278.95","8,182.10","","1.16%"
"12-01-2022","8,178.05","8,137.60","8,183.75","8,114.60","","1.00%"
"11-01-2022","8,097.05","8,122.00","8,137.10","8,086.10","","-0.39%"